,Scaled Long Interest Rate,Scaled Real Price,Scaled Real Dividend,Real Price Label
0,1.1881237341065276,-0.8539445444006821,-0.49680704049889257,355.871347826087
1,1.6094547175075413,-0.7573143995308131,-0.5409023643354836,494.79603832116794
2,0.3907287324632875,-0.6303637461566688,-0.5172142193894528,530.9644217573223
3,-1.2005791965802097,0.8713486848617187,0.7650214673187017,1502.2159515073345
4,-0.9707622965432932,-1.0513159777046908,-1.0746490034101819,236.07432873134331
5,-0.9603160738143425,1.5217608946291945,1.6591009497332363,2048.2466842984413
6,0.2235891688000754,-0.24219702382054503,-0.13258670484167168,804.2567423717062
7,1.908913102404129,-0.8437041227454386,-0.5397925876505966,413.3993368421053
8,0.7737568991914814,-0.6691074907425314,-0.27231854124774735,548.7125005102041
9,-0.5772879070861484,-0.6889970483923153,-0.8552604481984156,520.5787324137932
10,0.23055331728604272,-0.3817047503498183,-0.5010138940334661,693.3696923076925
11,-1.1379018602065052,2.543188379548798,2.939034702554188,2829.8626056363487
12,2.47300912976747,-0.8097252212454686,-0.5940741655611372,411.35797435897445
13,-0.5041643479834932,-0.42904187783312625,-0.416623329109445,698.5761829581995
14,-0.1176541070123155,1.2099132051069983,-0.10010410852105808,1526.059092316321
15,0.011182639978077077,1.0898628700291926,0.13030451882219882,1771.1732203067488
16,-0.5877341298150991,-0.7922573231299131,-0.8323652407578668,370.0677517605635
17,-1.0021009647301453,1.2781034813520828,1.4955707250103127,1993.216087338943
18,0.6832229688739083,-0.8285137309564428,-0.47912174692325377,368.4663214626392
19,-1.130937711720538,-1.0292721722567262,-1.032505349386315,280.41569665427517
20,-1.1553122314214233,2.2705963980255475,2.7849731188022173,2605.7827181603056
21,-0.6713039116467052,0.4847278702968295,0.28067331305090143,1343.1384151472653
22,0.8503625325371205,-0.7597570562286939,-0.6483097588321932,420.21383114754104
23,2.051678146366456,-0.8349445912303858,-0.5422161862258572,402.92713209733495
24,-0.8941566631976545,-1.0507948495985753,-1.0767060468093306,236.16501524163576
25,0.435995697622074,0.1386823054877737,-0.0006360940703232624,1154.1919440303225
26,-0.49023605101155887,-0.35702059836498945,-0.29353571033012427,740.5946598726117
27,2.9013042616544498,-0.9789038484885366,-0.6056496842434571,351.97796639511205
28,1.1985699568354786,-0.5481017379572094,-0.3675498911838768,601.1156455906822
29,0.33153347033256664,-0.38390949641729316,-0.17322113034660405,663.5289808625338
30,0.1922505006132232,-0.0734255756874278,-0.11512056921478446,984.0185582898174
31,-1.0485286213032599,-1.082151153001534,-0.8913853020777455,230.19827837837846
32,0.6867050431168918,-0.7128308759705293,-0.6931191216044179,468.57567525773203
33,0.6832229688739083,-0.7077818143410154,-0.5605018728143747,396.0691614000001
34,0.620545632500204,-0.5366022684748172,-0.5457227800347552,578.82
35,-1.0578141526178828,1.2790611845463584,1.4555607802126,1918.3137115172176
36,-0.5494313131422798,-0.5248507196906148,-0.6732957049541775,543.2762354304637
37,-0.36488137826414985,0.8722059237429375,-0.08813055642031666,1676.9585459627333
38,0.5961711127993188,-0.7836944286664798,-0.5428121841285672,396.3695464285715
39,-0.8732642177397529,-1.0645496362304692,-1.0787581247782203,225.32020929368034
40,-0.4937181252545424,0.9127537445371373,0.45244461659566054,1670.3765794207318
41,2.873447667710581,-0.9401113665427843,-0.5737905847318012,292.25957538461546
42,0.7389361567616457,-0.7463966080381705,-0.7096337293936851,473.11570588235304
43,1.2124982538074127,-0.8522202193601254,-0.4697423164768464,376.68392209631736
44,0.042521308164929265,1.5962529221131225,0.057605962059961574,1986.8087405482588
45,-1.0334396329169977,0.5265930679941018,0.29431980310528844,1475.4154256110305
46,-1.3015593496267335,1.8546183529535725,2.198005209323325,2306.2062364591575
47,0.14350146121145316,0.8074907262701706,0.09664155337148658,1552.7562861386143
48,-0.6295190207309022,0.27778944039439707,1.134517373157572,1067.791766812066
49,0.011182639978077077,1.1534515315490452,0.15631645999047336,1713.006100244798
50,2.3406903085340933,-0.9308285388105114,-0.6060258627882965,372.0223217213116
51,-1.1692405283933576,1.887713694228893,2.50063088064114,2092.0259835267034
52,-0.706124654076541,0.5284869757907296,0.33489016686571377,1378.8169491019205
53,0.30367687638869795,-0.028433311779314383,-0.09419402987171176,1009.8769763671878
54,0.021628862707027602,-0.22359591519532296,-0.14691949655779324,826.944412962963
55,-0.988172667758211,-1.051637524833996,-1.0419610636179852,254.03044044943823
56,-0.706124654076541,-0.7687001550280919,-0.7987973974841092,412.5341751798562
57,-0.6330010949738858,-0.765114449991839,-0.8399253670304615,404.78539293286224
58,1.2194624022933798,-0.8618895170599339,-0.47996200519194415,366.38585477178435
59,0.5439399991545649,-0.2533355677422638,-0.13875871729056205,811.544486979866
60,-0.4937181252545424,-0.39394034185488985,-0.36979627678298405,700.9287576923078
61,-1.1553122314214233,1.1999647567531626,1.412241942266821,1876.819814434399
62,-0.3613993040211663,-0.4371108464269694,-0.11702893119024653,715.7782549848944
63,-0.9359415541134574,0.09184095789082168,0.9319791635483217,1131.8828311918685
64,1.6407933856943935,-0.745859551329212,-0.5416017135228456,471.9507110091744
65,-0.7339812480204098,0.9131020292326852,1.1354045783404705,1596.5726584100728
66,0.6414380779581054,-0.22760379980871806,-0.14649748656186143,792.0032338677357
67,-0.46934360555365756,0.6644860623798116,-0.060225187003521176,1527.2556709712428
68,-0.5633596101142141,0.9182414810559477,0.441624798916375,1606.2080305835013
69,-0.5912162040580828,-0.5865251462099897,-0.591137163747951,598.993300327869
70,-0.5285388676843784,0.8988819485306985,1.0984254051005238,1448.8225755657436
71,0.7354540825186622,-0.8035200366362375,-0.6152077996558667,449.0174552238807
72,-0.8871925147116874,-0.7532899182430182,-0.722001547655074,462.64255714285724
73,0.6275097809861709,-0.3494713524341217,-0.08391059579469988,775.3181142857145
74,-0.4937181252545424,-0.34909193513026604,-0.27542557226154957,699.8867971518988
75,0.09127034756669931,0.7804370534531065,0.10803717564274114,1647.0199756639902
76,-0.5738058328431648,-0.8532098392750024,-0.8126949122152825,374.4924923076923
77,0.10519864453863365,1.544359048488873,0.2049663466812591,2211.0924000000005
78,-0.9498698510853917,2.7573354676024677,3.127917191167279,2868.995712438461
79,2.420778016122716,-0.826401088920533,-0.5699811456582249,392.89600000000013
80,0.8294700870792188,-0.8003532879653223,-0.7079814245052561,471.0807853309482
81,-1.148348082935456,-1.1303075333016264,-1.1914533660671676,196.89690508474578
82,0.059931679379847114,1.7068649133558318,0.20367422820165032,2013.1528221759816
83,-0.5180926449554276,-0.4995638894911672,-0.49978390913738,664.2380970873788
84,0.5683145188554501,-0.4212082014299104,-0.48276507062568663,691.677150660793
85,0.17135805515532185,-0.4869975978219828,-0.3770636887402344,656.6662630272954
86,-0.3544351555351993,1.1845896119544188,0.847280696811009,1849.2749900490915
87,0.03555715967896194,-0.20913192259690516,-0.15578958500886242,837.3004159509205
88,0.7215257855467279,-0.8331308864139607,-0.46040281229479957,364.9031006309149
89,0.7807210476774488,-0.7532235849353763,-0.6269827898463523,403.9177697802199
90,0.75286445373358,-0.23888847351412004,-0.1127623267527349,870.9335733377224
91,0.2793023566878128,-0.28907488134525783,-0.11094584875640671,799.6526790697676
92,1.7765942811707534,-0.8373681945184055,-0.5927573220343475,430.87664213709684
93,-0.5912162040580828,-0.8169033405277102,-0.8225300764865748,369.88432288732406
94,0.16091183242637103,-0.4444808360220068,-0.48453858374457026,674.3392139423078
95,0.15046560969742018,1.796871032854471,0.11761790541163594,2080.967676206897
96,-0.027120176694742437,0.8358006511037016,0.1247678713242755,1782.7299803076928
97,-0.7966585843941141,-0.733607878247035,-0.6911509794421014,433.42041600000005
98,0.06689582786581413,-0.23810082024259666,-0.1402530159714326,829.3175641729583
99,0.16787598091233802,1.780274272270901,0.1426509573897675,2201.390417098446
100,-0.2743474479465768,-0.313479035526578,-0.1528783291649787,699.7987560371519
101,0.7633106764625306,-0.7976280863352165,-0.5646058798578536,353.95239452054795
102,-0.556395461628247,-0.5559948909658515,-0.5559157844020366,617.5990607142859
103,0.6623305234160066,-0.8290194169830613,-0.49462057453927755,376.1172360000001
104,0.10868071878161716,-0.4948496019771844,-0.474470552579172,677.596891304348
105,0.3907287324632875,0.18370257696758993,-0.02729869989330325,1097.3146657342656
106,0.6414380779581054,-0.6716039578936841,-0.28164045111495284,557.7606479695432
107,-0.1524748494421515,-0.5073685368090406,-0.09361507307751527,643.888868389058
108,0.38724665822030396,-0.5663502198134281,-0.5261415300709489,515.6955095338983
109,-0.3230964873483468,1.255820150372118,0.9096339322838026,1901.5828832111536
110,0.9791992795275127,-0.8181524351311452,-0.6622673356043675,416.2810864864866
111,-1.1936150480942425,2.32642230354085,2.8119504775857074,2630.703235812479
112,1.6129367917505248,-0.8564476512887241,-0.5397692345053172,399.9182051886793
113,-0.389255897965035,0.7897949526997229,0.2072992079539082,1524.3508197485596
114,-0.6155907237589678,0.6598103826337762,0.24844273537970832,1290.09282192183
115,0.042521308164929265,-0.42567108971541057,-0.15967441333946655,754.3842795389049
116,0.9234860916397754,-0.35280020822296915,-0.06172458969593396,733.4079091703059
117,0.11912694151056799,-0.23610121726879557,-0.1402530159714326,824.3816923501035
118,-1.2980772753837502,1.7843363958552383,2.5752945827046383,2252.067249790472
119,-0.22559840854480673,1.0900631263160347,-0.08796612953825073,1658.6618935738447
120,-0.706124654076541,0.35464478869237964,0.6012228621579118,1310.0749079184582
121,-0.1838135176290037,1.030093403696265,-0.07417816008860403,1680.7971337248323
122,-0.40666626917995286,0.6104368956733041,-0.07323014801948842,1482.2027268292686
123,2.5913996540289115,-0.9786137212192038,-0.605836734112397,367.04866224489797
124,1.1498209174337084,-0.5394088134049024,-0.37637201862387026,582.6852420701169
125,-1.2911131268977827,1.0110372131506342,1.2582591999581385,1759.4155544852088
126,-1.1344197859635217,2.487627779217846,2.910582110220707,2931.6384036600284
127,0.2235891688000754,1.7593038401908623,0.1713040813851764,2208.789206728539
128,0.7075974885747935,-0.34138022677178376,-0.06229768486918201,733.8274923132706
129,0.8329521613222023,-0.3624673917332484,-0.1609225695346083,695.0678644427004
130,2.1665865963849145,-0.8236272167249145,-0.610065556129884,394.48206382978725
131,-0.7270170995344425,0.1591540946364477,1.1864423782696325,988.4277656190357
132,-0.9463877768424082,-0.8023361440385574,-0.905660664840072,407.7453379182157
133,2.0064111812076697,-0.7728014348977109,-0.6143672002581475,432.481696039604
134,1.0523228386301682,-0.8374561040064523,-0.46427562862568195,380.2542311859444
135,-0.054976770638611124,1.2578528546734438,0.178105141071964,1639.7952953048787
136,-1.1204914889915873,2.780433320421199,3.500071948764606,2941.667981197235
137,-0.37532760099310064,0.9485257099379306,0.5411283907336858,1673.516602164067
138,-1.090313512219063,-1.1064321366585192,-1.0363642832865918,205.77051000000003
139,-0.556395461628247,-0.6804565182912529,-0.8675086227900024,512.8544793103449
140,-0.46934360555365756,0.7990880752661035,0.07276871604212477,1562.2302381003205
141,1.7034707220680978,-0.8178334504245637,-0.5889675288427866,435.5984080402011
142,-0.31265026461939627,0.7871805499078607,0.15574717094443674,1496.7552129815306
143,-1.1100452662626366,-0.9493939777064866,-1.002600227512579,347.2920000000001
144,-1.2702206814398813,0.8280639966576067,0.752732009723068,1520.1760356373609
145,0.5126013309677128,-0.5235784443439958,-0.5398996589648661,534.3561000000001
146,-0.1524748494421515,1.6119037447385256,0.20136259963361872,2157.7989460707863
147,-0.37880967523608416,0.9611084604986091,0.19023762844829703,1979.7070793061475
148,-0.5006822737405098,0.9459280020392595,0.45346923735732064,1558.577456024097
149,-0.5703237586001813,-0.6754233582613051,-0.6489625056520557,514.4262750000001
150,0.585724890070368,-0.2590242396189977,-0.13965553401951472,808.0811163210705
151,0.31412309911764846,1.6675521354890972,0.18994544544143308,2154.344414693878
152,-1.1120764762377104,-1.1043967840062765,-1.1501484896916303,203.6782180327869
153,-0.8523717722818515,0.8212821293685834,0.407239891581865,1362.804345229425
154,-1.0186408173843176,-1.0610303098250058,-1.0542450134796784,234.12611250000006
155,-0.2813115964325441,-0.4036228696450257,-0.12238173106265238,619.7887733944955
156,-0.9951368162441784,-0.871585916199122,-0.9203379856421595,412.376853358209
157,-1.0752245238328006,1.740442353899842,1.9472056570002447,2278.7321458443357
158,0.3001948021457144,-0.4280558584826954,-0.5115194195195223,723.9326197183101
159,-0.9603160738143425,2.6744175746368906,2.9958721841826588,2796.8519913906866
160,-0.10024373579739765,-0.20571535820427367,-0.15796458403036298,842.6760075923395
161,0.5787607415844009,-0.7862718742359148,-0.5542747557690934,408.22364609120535
162,2.6122920994868126,-0.8352699461664185,-0.5784401916790511,380.3537384105961
163,-0.5111284964694602,1.2112670489717006,1.085627964646445,1667.044418237731
164,0.477780588537877,-0.6262646500682293,-0.5227475157367208,501.7284112500001
165,0.8433983840511527,-0.3465826237187491,-0.05632567766824876,727.1521870044055
166,-1.0612962268608663,-1.0865305830565803,-0.9244145953922053,221.29769302325587
167,-0.5180926449554276,0.8073510816681813,0.254749285854567,1641.392693063584
168,-0.08979751306844681,-0.21282140515380293,-0.15189523637517985,832.4110462962964
169,0.3628721385194188,1.7672965960899205,0.20235075203480427,2222.060582837128
170,-1.1274556374775544,-0.9959551742406813,-1.0531994124998885,305.6623152985075
171,-0.31265026461939627,-0.6569764741753684,-0.7802771030623568,492.0656735593221
172,-0.6086265752730007,0.398240852895388,-0.12385304775578473,1294.684994029851
173,-0.4972001994975259,-0.40775209575630567,-0.3807091163510494,713.2843384615386
174,0.5996531870423023,-0.8119533764191563,-0.5136034019977503,393.51371304347833
175,-1.0125471874590963,2.484723039575618,3.4338477355974413,2959.717478516757
176,0.5126013309677128,-0.3431899438908209,-0.09109055001331501,761.6988646087582
177,1.2403548477512814,-0.4787881319765511,-0.2728665542913806,694.9329670418007
178,-1.1410937615959067,-1.1250417095432639,-1.1796093171787605,202.66026835443046
179,0.7807210476774488,-0.7275843893199363,-0.7110187069317849,477.0742968750001
180,-0.7096067283195245,0.8388702546749461,0.3638714794514378,1542.671697217256
181,-1.2284357905240784,1.6370963464232329,2.56324117884952,2259.515041147534
182,0.9095577946678413,-0.7991105360900908,-0.6155223834793411,444.47929538745393
183,0.6170635582572201,-0.2862064134539136,-0.098909801282222,772.5891353442158
184,0.6658125976589905,-0.3437940068851905,-0.07133261287628609,784.764239826213
185,-0.9838200749544816,-1.0589407102076414,-1.0558569719870412,256.3563315789474
186,-0.46237945706769024,-0.339008945127792,-0.21057121603675177,751.3465839622643
187,-0.5946982783010663,-0.7089100662954956,-0.654941482645287,496.9474342105264
188,-1.1100452662626366,2.1135638158459567,2.710464805191691,2513.1566487952105
189,0.7633106764625306,-0.2594358340503814,-0.10483902115479712,848.4166931968297
190,-0.6086265752730007,-0.6175216579825937,-0.6610888185493046,503.0576198019803
191,-0.9951368162441784,0.6550276039065542,0.32180820036149976,1554.8884377951192
192,0.44644192035102487,-0.5105446984410777,-0.5258285371349729,608.5293451327434
193,-0.16640314641408585,1.1225460395694569,-0.05547807226668478,1767.4472509859158
194,-0.4972001994975259,-0.3645925215140333,-0.30839809360031734,729.7279595541403
195,-0.32657856159133064,-0.6695188178670728,-0.834110730662669,523.2414673469389
196,1.26821144169515,-0.6884498951898903,-0.5417644812506606,556.1300431985296
197,0.26885613395886193,-0.45427696917593097,-0.4101794905510633,620.7844500000002
198,-1.3886112057013231,2.83538088090968,3.612851585729731,3144.2698913350287
199,0.7354540825186622,-0.7214595794606344,-0.7162082559294765,466.8264823943663
200,1.1080360265179057,-0.5342517557480023,-0.3421207587990793,613.8550999174238
201,-0.9254953313845067,-0.7351736700513013,-0.7568032883899927,443.0845819852943
202,0.14698353545443668,0.02252010432290287,-0.08164209677089118,1036.511418264249
203,0.867772903752038,-0.356550837788467,-0.1975660872171108,703.8248911834789
204,0.00770056573509326,-0.35677462965435225,-0.15584777682887574,748.5685014326649
205,-1.0717424495898171,1.70587261078096,1.8566182080422338,2125.2259779811575
206,-1.2423640874960127,0.8599288446813275,0.7941400739699097,1545.9378134820868
207,-1.0099356317768584,-1.0624550489735434,-1.0458702651471645,244.66526292134833
208,0.3245693218465993,-0.42522157791824006,-0.5172428396760181,720.1201764705884
209,0.14698353545443668,-0.32525147190141546,-0.14545084625953753,726.8735454545457
210,-1.0293772129668501,-1.0770853593582042,-1.0282950873752363,235.21440114068443
211,0.4917088855098114,-0.26985762646570205,-0.08659485915258912,760.7001812903228
212,0.6414380779581054,-0.7854988849348077,-0.5671707357973391,416.026875
213,-1.190132973851259,2.3876929830755675,2.8785604389706934,2815.0523902743757
214,0.5021551082387619,-0.14580186660841352,-0.12687259117653324,951.9843051147542
215,-0.04104847366667678,1.1502498597691975,0.1700672845250175,1624.9699276283623
216,-1.089152820804735,2.089787475150184,2.7150105785611087,2528.6329366163395
217,-0.31265026461939627,1.03572427027003,0.7524825336730286,1828.2135826560955
218,3.1241570132053993,-0.9332108246756142,-0.5877585518346298,319.20489673340364
219,-0.9986188904871619,-0.8693387822380003,-0.9238197811374819,414.9037914179105
220,0.9687530567985622,-0.80775753480827,-0.6518184314461927,424.2394725135625
221,-0.2917578191614946,-0.3921802350267427,-0.12921984151038524,642.4105458715597
222,-0.30916819037641247,0.8395269326969372,0.17554467498305523,1532.9951687203798
223,0.7563465279765635,-0.5037526026891065,-0.22424405040628348,581.4885857142858
224,0.718043711303744,-0.8772970180697299,-0.6096749495670402,397.4012742857143
225,0.00770056573509326,1.1668878281157198,0.14419091627165279,1845.914436397059
226,-0.0480126221526438,-0.33522354560722395,-0.14183164484379937,725.9523096774195
227,1.2368727735082978,-0.49302423053244643,-0.28823024000853936,660.4298796445881
228,-0.6121086495159843,-0.7056056232745156,-0.8680985365532182,506.1570602076125
229,-1.047367929888932,-0.8996750907131428,-0.941187060464449,368.3636494382023
230,-0.29872196764746195,1.2386984126465228,0.8956022856173583,1844.502516667796
231,0.42554947489312317,-0.2919058232172173,-0.10827041660376459,757.7113011283499
232,-0.9080849601695888,0.45765085798955774,0.27352550951103594,1395.2671380040329
233,-0.3022040418904454,1.3253476466875285,0.918938944102137,1822.282048990703
234,-1.412985725402208,1.9804038769915795,2.62837841456612,2336.4647645150467
235,-0.5772879070861484,0.41618513668446805,-0.09978819626110154,1405.7960916802613
236,0.5091192567247292,-0.5077111210096901,-0.47601742736725855,668.6218429458742
237,0.38376458397732016,-0.43457140960956314,-0.18111270717475939,667.0240986595176
238,0.7284899340326949,-0.5784022554348022,-0.4900740777769403,581.7220145852326
239,-0.5285388676843784,0.7949060361227439,0.25364675284654575,1613.637552648139
240,-1.1553122314214233,2.2184642032207202,2.7576643911591185,2611.329785608654
241,-0.5877341298150991,-0.5239786488074468,-0.6671279460072892,479.79769768211935
242,-0.9881726677582112,-0.840968715978839,-0.9168666146842482,429.3381211895912
243,-0.7165708768054917,0.22988002795988766,0.6811077339896752,1286.4103606766682
244,-1.1866508996082754,1.8809693119685602,2.121513919680079,2294.4909783202543
245,-0.7130888025625082,0.5130138396577709,-0.09830466861643658,1396.2182533586135
246,-0.5912162040580828,-0.5496839762684423,-0.7165070056420467,599.686461
247,0.38028250973433664,0.5516231668665407,0.07627007892796099,1501.973106716418
248,0.11564486726758448,-0.45716807688186095,-0.474470552579172,682.8681253012049
249,0.5509041476405323,-0.17821883633141636,-0.13233410665040227,921.2062632786887
250,-0.7513916192353276,-0.7824226327295339,-0.8021555715629581,420.5780806451614
251,-1.2667386071968978,1.9268480150878682,2.2316102459406335,2313.2183926326197
252,0.23055331728604272,-0.029115225226349375,-0.10051938107694496,987.8502893949254
253,-0.5877341298150991,-0.5922648624403444,-0.5914843322117964,596.7804441176471
254,1.7522197614698682,-0.8873236256353373,-0.49870516773315104,380.63467300380233
255,0.24448161425797707,-0.32207986455931004,-0.1677891407119903,662.9992005405406
256,-1.0438858556459485,1.362084217759808,1.5696380631966411,2029.2253921920692
257,2.1004271857682264,-0.7770366948160781,-0.6187165630671884,422.71573149062203
258,-0.9672802223003097,2.6616350335007097,3.0231327359933395,2847.0401094889066
259,-0.6747859858896886,0.9926010142092327,1.1308741401779496,1488.8594850520997
260,0.8608087552660709,-0.4928596388324647,-0.050012192605435456,731.470931360947
261,-0.49023605101155887,-0.3593932802016922,-0.2859323120749007,700.9583468354432
262,-0.5877341298150991,-0.7568783626717855,-0.8422004050291587,379.5668395759718
263,-1.190132973851259,1.9306182691509333,2.295590667995921,2229.488993731013
264,1.0523228386301682,-0.8449390374267,-0.4578840858014276,390.5094098360657
265,-0.47630775403962455,-0.6978944992220655,-0.7168856929194308,503.86672094594604
266,-0.34747100704923195,-0.3179681609436996,-0.17279067079065275,721.1989009345796
267,-0.7966585843941141,0.6171617401448681,-0.10350300709612863,1433.7608928725706
268,0.5369758506685979,-0.4443968918787919,-0.19029602606597207,629.4782649867375
269,-0.33702478432028116,1.323079643455779,0.19756668096465152,2023.2284760000005
270,1.0732152840880693,-0.6469367679701066,-0.521392283711589,570.4486363636364
271,-0.8419255495529007,0.46416751212065965,0.2609267628093243,1337.9801936467393
272,0.8155417901072844,-0.2448570458592266,-0.11846758923277029,831.8437407554674
273,0.9931275764994474,-0.36432633549233684,-0.05048770729644522,599.2152755056181
274,0.7563465279765635,-0.7236042919717612,-0.7145766167062828,466.53916460177
275,1.1463388431907249,-0.872186162044546,-0.4977656064826659,379.18141286863283
276,0.06689582786581413,0.1727799284681165,-0.038494082943715896,1099.8078982758625
277,0.23055331728604272,1.7835901200295612,0.20667924989232084,2194.223110338786
278,-0.5355030161703455,-0.5098234247280327,-0.5498685679752832,625.2098941747574
279,-0.36488137826414985,1.0096561534575974,0.6113118104443237,1659.296862666667
280,0.5996531870423023,-0.28345696899139733,-0.08746153641832129,773.4083456692916
281,0.4708164400519097,-0.26189447125512094,-0.1453156950316363,792.2891280323452
282,0.7737568991914814,-0.3630114752142166,-0.11229238507309665,684.9909692307695
283,0.7842031219204323,-0.3863839124313146,-0.13863548407646625,672.4373519531251
284,-1.148348082935456,1.8908023061862134,2.344428864736486,2217.476752621533
285,0.5683145188554501,-0.5671427721559206,-0.4702081315542215,655.6070080645162
286,-1.3920932799443066,0.7630390390472775,0.8814296413569367,1624.696590768646
287,-0.7235350252914589,-0.7807334737182188,-0.8873604845724269,471.53870689655184
288,1.2647293674521665,-0.8766162355706574,-0.49293186430658953,379.056512195122
289,-0.639965243459853,-0.5712857768363978,-0.7415384888296932,568.1697120000001
290,0.853844606780104,-0.3543626076430534,-0.06163941052480289,742.5082620790631
291,-0.027120176694742437,1.6058344042417732,0.20136259963361872,2069.239933034112
292,2.636666619187698,-0.8518947337923646,-0.5776244159973369,382.0018630289533
293,-0.5842520555721156,0.36800508070425203,-0.11405648648852268,1284.196747165658
294,0.18180427788427236,-0.4860826497989746,-0.4455395518818295,628.4844459854016
295,-0.6330010949738858,-0.6837599642464738,-0.7198921628581251,484.8394439597316
296,2.4416704615806175,-0.826447075913157,-0.6034640600654193,378.0678760806917
297,-0.0793512903394963,1.2811291379709344,-0.08134316768385448,1729.3674169014087
298,0.401174955192238,-0.24842312571954578,-0.12323534158631584,816.523154874652
299,0.669294671901974,-0.3030642503583268,-0.09186139012083887,758.4998475748931
300,-1.1553122314214233,0.5623317567120697,0.5057165751425562,1412.0337310701502
301,-0.4937181252545424,-0.3920534845118724,-0.23992852778387022,750.9230886435333
302,-0.59818035254405,0.31458272186320974,-0.0954745549460327,1328.5480394550411
303,1.2090161795644292,-0.5159110929824018,-0.2980320629369694,639.6407692932578
304,-0.6295190207309022,0.3238891223784018,-0.10259818758571151,1400.8893413173657
305,-0.3022040418904454,-0.3362219033718292,-0.14357607550512264,687.9587372307693
306,1.1289284719758066,-0.44885858771418496,-0.2617955043457019,724.5469935794545
307,-0.38229174947906797,1.2930602613935827,1.048323937909579,1834.4043601096957
308,0.38724665822030396,-0.48752339223579294,-0.4357988273625037,619.5850613691933
309,-0.3230964873483468,-0.6463651952003239,-0.8210246942001523,487.44912857142873
310,0.9652709825555786,-0.5160245169116129,-0.054472916476987744,699.981453560831
311,0.7946493446493831,-0.33069246427067583,-0.06017805392204401,729.4644156748913
312,2.1631045221419307,-0.7910894960468982,-0.6054477093179481,399.5888947368422
313,1.1741954371345935,-0.6165366984259285,-0.42862066794684645,594.0481828326182
314,-1.3851291314583396,1.8425805510640112,2.5808613149369606,2327.8631998359765
315,0.5265296279396471,-0.5040869397525897,-0.5199320213772076,627.1819342105264
316,-0.40666626917995286,-0.3095875481641406,-0.1828410640402048,754.4647378125002
317,2.051678146366456,-0.7597022292421659,-0.5535312727610674,448.84173438956213
318,-1.0581043254714648,-1.0786588735308886,-0.925388329237439,220.54382895752903
319,-0.9254953313845067,-0.7648370960623394,-0.8502740473414135,461.55495559701507
320,-0.8802283662257201,-0.8605152457403092,-0.8179825510038077,381.6006041522492
321,-1.3886112057013231,2.9792973837465233,3.5712171727216098,3013.815376652445
322,0.03555715967896194,-0.31359486922124535,-0.15518442009588032,751.7239230769233
323,-0.5529133873852633,0.4642620893527422,-0.08096738930502738,1197.1817017915312
324,-0.8105868813660484,0.7244550153679387,0.33296098201274,1520.489404744325
325,-1.0543320783748993,-1.0535280620257297,-1.0531994124998885,257.2736553903346
326,-0.3300606358343141,1.223829918003686,1.0221058171064996,1813.555859632596
327,-0.27086537370359326,-0.47267225362630066,-0.12548896611053673,705.7920600000002
328,-0.09676166155441414,1.0665081620684531,0.18610628712865493,1817.613034573171
329,3.2460296117098246,-0.8731318859340215,-0.60044758121246,341.6397022411954
330,-0.6608576889177543,0.2104324280699935,0.7486727656833431,1259.7775326551498
331,0.5717965930984336,-0.3076697924086147,-0.10766375701314838,771.4159031847134
332,0.9966096507424309,-0.35930197364861405,-0.055144980603177844,619.0996781461947
333,0.3663542127624023,-0.4510052888570188,-0.5192018577897785,622.0681760722349
334,-1.1265851189168086,-1.1161950174458815,-1.16184324384615,187.84029958506227
335,-0.7653199162072619,0.5340192260213596,0.25222572830354995,1297.2385133203857
336,0.6309918552291545,-0.59256593382118,-0.47252341054209096,619.5508138489209
337,-1.0752245238328006,2.8613662751766133,3.471669074617584,3041.6326192360016
338,-0.6538935404317872,-0.5928036869167108,-0.7415384888296932,573.556234228188
339,-1.0517205226926614,-1.0810658344120574,-0.8993343609919722,220.54382895752903
340,-0.922013257141523,-0.7815554129491453,-0.8772998760345128,440.9506914179105
341,-0.9672802223003097,-0.7779897472181772,-0.7879602080404662,448.97138000000007
342,-0.9568339995713588,-1.0752747218186292,-1.0842405071702488,240.42547472118963
343,0.46733436580892623,-0.6572289154149262,-0.5367685450956873,480.58138333333346
344,0.442959846108041,0.3885178601452845,0.06882552022654224,1501.6159564485984
345,1.4492793023302961,-0.7202071699706932,-0.5413346091924969,522.8444519670633
346,-0.8941566631976545,-0.8586796280072075,-0.8244640618133341,393.8579688581316
347,-1.3259338693276186,1.8246010576940754,2.5753244307454963,2347.7995571914357
348,0.5961711127993188,-0.5966688240288305,-0.31176955171711485,611.840372110553
349,1.6547216826663276,-0.76221320662673,-0.5386089538848442,494.0093659652335
350,-1.1344197859635217,-0.9712810794756606,-1.0394068194346915,325.00311044776123
351,-0.9429057025994245,2.6991475824719395,3.0785956045724654,2993.795742733889
352,-0.9498698510853917,-0.7730519113634603,-0.8635072829693161,431.81483843283587
353,0.5648324446124666,-0.23130279756745298,-0.14377172613962183,802.1296839679361
354,2.821216554065828,-0.9057919566950793,-0.590367884980512,305.39645714285723
355,0.5404579249115814,-0.5621722645036094,-0.4763649196273263,578.2694918478262
356,-1.082188672318768,-0.9085231806850596,-0.9481402269176824,356.07185393258436
357,2.5147940206832726,-0.8195786305708157,-0.5667930124682741,392.0279186440678
358,-1.2667386071968978,1.0429943763198697,1.2616616243939298,1833.5979950632127
359,-0.44148701160978887,-0.3185778561962938,-0.20040164125645496,764.3700339622642
360,0.2793023566878128,0.4762063318679004,0.06358131167890246,1355.3661412242352
361,0.23751746577200974,-0.3681788890188263,-0.1633833607535012,705.5436245901641
362,-1.2458461617389962,1.903656895330252,2.2571304833008927,2291.336530686647
363,-0.9463877768424082,1.5091691770031344,1.6254077006709284,2054.1835385728737
364,-0.622554872244935,0.8494400546080113,0.1228947699163548,1555.344567422246
365,-1.1193307975772595,-1.1078976524713824,-1.1559711942917708,197.54912222222225
366,-1.3363800920565694,1.6121732810318874,2.578206205914561,2239.578664316132
367,-0.939423628356441,-0.8326352702250946,-0.8745223962176243,429.90904152249146
368,0.14350146121145316,-0.27469095777617764,-0.14650798244771052,716.4701301939059
369,-0.980918346418662,-1.033728291151396,-1.0725659319420253,242.3239685393259
370,-0.9463877768424082,-0.7819075582007669,-0.8191171276909398,465.26154089219335
371,-0.5912162040580828,-0.581683163874815,-0.7474300406823441,590.3964000000001
372,-0.4658615313106737,0.7551773550862418,0.23325967036074552,1594.097554240838
373,-0.9289774056274902,-1.05966173530065,-1.0842405071702488,237.23013011152423
374,2.135247928198062,-0.8239105047863504,-0.5513439786194165,398.18824137931045
375,-0.6016624267870335,-0.7235470119076183,-0.732198383162661,521.986868456376
376,1.6582037569093115,-0.7793404441496747,-0.6091010631114705,422.1573413173653
377,-0.5912162040580828,-0.6590561995324112,-0.6186044481766586,564.8064631578949
378,0.9687530567985622,-0.4038727001435892,-0.4641661526067922,721.8388721739132
379,0.2932306536597471,-0.35743533593966303,-0.49104900136227847,658.9387775229359
380,-0.31265026461939627,1.0284666484203764,0.6198917682379592,1608.733054361755
381,-1.238882013253029,2.83151407426095,3.5400602288053,3025.246208171866
382,0.07385997635178146,1.8239102769391746,0.09882598756689322,2061.669734405514
383,-1.2005791965802097,1.6646391800008027,2.4190701305898177,2262.01950542226
384,0.26885613395886193,-0.5512228819224076,-0.35760851718986986,648.5678100000001
385,0.5300117021826306,-0.4375868221848683,-0.2105530831477277,597.433632631579
386,0.028593011192994927,-0.465936102454889,-0.3894632057109082,639.7529231527095
387,-0.8697821434967693,2.652049345621956,3.330394045592926,2838.701575070419
388,1.0801794325740368,-0.5587358386891177,-0.40400865356365173,591.4954253164559
389,-1.148348082935456,2.3598015280978895,2.8516615342672433,2700.1181085124244
390,0.7702748249484979,-0.7153540259380379,-0.7060755307103832,458.40744559585505
391,0.1574297581833875,-0.4241436852176258,-0.4895361209534818,674.5959712230217
392,-1.364236686000438,2.9557062917297365,3.6493160511509144,3219.955216158611
393,-0.37880967523608416,1.3636615015025717,1.0739392305201358,1701.3655412166004
394,1.17071336289161,-0.5607855308167717,-0.3556471114545393,597.6736804979254
395,-0.8384434753099171,-0.8671495080201557,-0.799223507632421,380.84547187500004
396,-0.7688019904502454,0.7893468568538142,0.3647609091116475,1485.4517459972888
397,-1.4338781708601096,1.9491458960741883,2.6111602666255025,2309.1572644573057
398,-0.23952670551674107,0.7139998947018481,-0.07186485371694387,1248.8265353038676
399,-0.922013257141523,-0.8059741113795337,-0.8883581887941757,435.2446672862455
400,0.38028250973433664,-0.4262460015599681,-0.5158228636568833,617.5826063348417
401,0.8782191264809891,-0.7946914172350975,-0.677671901080987,453.7594845323742
402,-0.9533519253283753,-0.8126419843197648,-0.8703984059861362,429.09352052238813
403,0.9757172052845292,-0.8137750159004531,-0.45240252603040276,369.77364239290995
404,-0.922013257141523,-0.8190110486420397,-0.8873604845724269,441.2651294117648
405,-0.5877341298150991,-0.7067934744231886,-0.6338579467960669,557.4379322368422
406,-1.0685505482004154,-1.1034199180505935,-0.9169083128338931,218.36994069767445
407,0.620545632500204,-0.8007192696647901,-0.5281623402749458,396.7207967689823
408,-1.130937711720538,-0.9991614125434806,-1.0462979424515115,297.55436319702613
409,0.7075974885747935,-0.49341882647565566,-0.2205241063955006,604.4653625654452
410,0.7389361567616457,-0.23628892269150223,-0.13073718697082173,806.2754640718564
411,0.5543862218835157,-0.6352466575642478,-0.5504375820858093,477.29615326530626
412,-0.521574719198411,-0.5155127658831875,-0.514198921943279,652.3526184466022
413,-0.04104847366667678,-0.32196769447971885,-0.15829749058796702,765.9116770538245
414,1.5885622720496395,-0.9059402128281587,-0.5482367352576676,386.1695258103242
415,0.09823449605266663,1.5843548051603296,0.20136259963361872,2044.922106789756
416,0.8433983840511527,-0.8294518735363454,-0.5717727282257128,362.83584582524276
417,-1.3816470572153559,0.8717549538008308,1.1576808096609366,1696.6733862408798
418,-0.7444274707493604,-0.7941670166581928,-0.8276415417888588,446.47884063604243
419,2.6958618813184185,-0.8553678582340382,-0.5927855614152305,407.6475897435899
420,-1.096116969290702,-1.0369392638503767,-1.0394068194346915,278.1886382899629
421,-0.44496908585277234,0.8441719521123837,0.3733386324569634,1629.2509240532245
422,1.8218612463295396,-0.753476565673834,-0.5526887422956827,454.1325250000001
423,-0.1176541070123155,1.0201377463646037,-0.10485461919365366,1468.1532817120626
424,0.2862665051737801,1.7018915139172028,0.1600458451379682,2239.098846875
425,-0.5111284964694602,0.8934489319883816,0.09156665984655511,1570.2401374468086
426,-0.1176541070123155,-0.3419653692200791,-0.13297528889225554,714.0549568047339
427,-1.022993410188047,-1.0573597666684844,-1.0690683619580166,234.22477500000005
428,0.1226090157535515,-0.19422265305284142,-0.1502553002398025,796.2404888135594
429,-0.013191879722808096,-0.296999173286109,-0.1538994170340897,746.287584269663
430,-0.5355030161703455,0.9029644286133598,0.10875222632533209,1518.9846843997886
431,-0.7722840646932291,0.4864185501699122,0.39370538053384085,1308.9005589159415
432,0.07385997635178146,-0.43646989293542215,-0.3971712152577548,633.5732432432433
433,-1.2841489784118156,1.2401211927684117,1.3755576087841712,1859.9805547787942
434,-1.2702206814398813,0.7519936511542348,0.7296319601508618,1569.5157688245652
435,0.33849761881853363,-0.28738580936216496,-0.11058975784065993,775.6106476056339
436,1.2159803280503962,-0.5392070638324866,-0.30142960934911456,623.3792011447262
437,0.435995697622074,-0.7250661216142588,-0.6166506841890647,440.3896033613446
438,-1.0453367199138583,-1.0876529438242994,-0.8770601764617689,234.3223034482759
439,-0.4972001994975259,0.8953186051006445,0.2657780520546568,1629.1263111053183
440,3.023176860158876,-0.9755752256203329,-0.5994340770419989,325.6527640449439
441,-1.11352734050562,0.16566974432709927,1.2052262201274524,927.12999435849
442,0.6658125976589905,-0.6504506487788945,-0.2792567603527711,554.3517
443,0.6170635582572201,-0.5625083260092268,-0.25936501943490287,505.71058153846167
444,-0.13506447822723336,1.5131272895554335,0.22139810209083755,2072.7032247292423
445,-1.0090651132161126,1.5576924921909487,1.7140989453629443,2127.8434240149704
446,-0.9777264450292603,1.3023465277687203,1.5356418116789967,2020.4791645533774
447,-1.3712008344864053,0.8847488939934591,0.9702867878693031,1577.7302035435519
448,-0.9707622965432932,-1.0305928196125702,-1.0781334246348524,241.9619921052632
449,-0.4240766403948707,-0.6324729703163937,-0.8409285364057055,504.9909183673471
450,-0.6538935404317872,1.0003383177241862,1.1423996462737052,1687.1713790206436
451,0.03555715967896194,1.568470174628688,0.05184295483019182,1934.6268302047783
452,-0.4972001994975259,-0.37657743861188225,-0.35189691029568076,718.9612269230771
453,0.5683145188554501,-0.4558019511380187,-0.4784755844155701,665.796533156499
454,-1.3886112057013231,1.9517020191527046,2.6378555639955663,2423.777583211837
455,-0.21167011157287238,-0.5205433787023236,-0.11421173956178968,668.5898799392099
456,1.3030321841249857,-0.5021994908780067,-0.27540382857377516,679.4022183722806
457,-0.1838135176290037,0.9225882280748211,0.6825545363081288,1759.7533459861252
458,2.7341646979912384,-0.8520769613835063,-0.5904267130379046,330.616767167382
459,0.1922505006132232,-0.3532013612525566,-0.16888451713417704,670.3537769021741
460,0.6170635582572201,-0.7588157226806491,-0.6021917929736013,426.59897910447773
461,-0.7757661389362126,0.7843523931842897,0.34876769483658504,1542.0534720727774
462,-0.4171124919089037,1.0184494344364845,0.5914950826266574,1683.2502120595539
463,0.23751746577200974,0.7626894216853132,0.0901975723081336,1514.3006407430341
464,-0.6469293919458201,-0.7643844078185528,-0.8873604845724269,482.0929692041524
465,-0.4867539767685754,0.9234498352174954,0.322270323101955,1558.5710054984586
466,-0.5006822737405098,-0.39055340088218427,-0.32326939786887177,722.572628434505
467,-1.0299575586740142,-1.0667541822516249,-1.0793735701046494,246.52567806691457
468,-0.15943899792811853,-0.4765475351800741,-0.11984612281870338,691.6283234042555
469,-0.622554872244935,-0.5971334295190514,-0.5972349008911241,587.2081455737707
470,0.31412309911764846,-0.4786266669670376,-0.4282998711885291,634.5739852941178
471,-0.6573756146747708,0.5447634487480127,0.30321616940678764,1430.51315808063
472,-0.21515218581585588,1.4420131789976938,0.2157324429051905,2087.622989350181
473,0.011182639978077077,0.09257627246758364,-0.04898937430866981,1078.4883092130517
474,0.585724890070368,-0.5770805409999258,-0.48358751069138106,560.6105222121488
475,1.3587453720127232,-0.48836723288784445,-0.45091782021698423,563.9367718236821
476,0.3350155445755501,-0.5059350869628546,-0.44326784588731405,590.8634185819072
477,-0.6121086495159843,-0.6269846453422249,-0.6033417937957735,560.819646885246
478,-0.016673953965791605,0.9715096458757235,0.12840091447758178,1773.397106756757
479,-0.9533519253283753,-0.8502818810374326,-0.8616746768888122,412.97809034482765
480,-1.0125471874590963,1.5491453567059292,1.7450812615792604,2157.109691080798
481,0.9931275764994474,-0.43157174052043307,-0.11156295550346487,706.1088796439631
482,-0.5041643479834932,-0.4718946890426957,-0.4847682232739849,673.8476330097088
483,-0.9498698510853917,2.8504755899525493,3.1744365911751093,2814.325597211532
484,-0.9115670344125724,0.7389040461420036,0.447817843656548,1347.6164543895918
485,-0.2813115964325441,0.9397647622555645,0.19240356854102247,1891.2210704697986
486,2.1143554827401605,-0.7875237878066678,-0.6117737796612399,400.1149775390626
487,-0.9707622965432932,2.43230557131023,3.4013174592745528,2873.1082627988767
488,-0.389255897965035,0.9183723896306519,0.3594246547009111,1610.0198213367614
489,0.8399163098081693,-0.8691909679810188,-0.4486724816974939,393.3687641860466
490,0.7946493446493831,-0.7279980333116969,-0.7127285444174608,468.75344425087115
491,-1.357272537514471,0.9393712462511199,1.0055509860049805,1613.505402894587
492,-1.1204914889915873,2.6530956907890335,2.970867616956286,2820.98383167571
493,0.435995697622074,-0.2830358163398995,-0.12626008042020867,803.9773396226417
494,-0.5668416843571976,-0.670961174106176,-0.8488365885340096,514.3143896907218
495,-1.2667386071968978,0.6663146107092396,0.7062553678376847,1577.4480084745765
496,-0.36836345250713365,1.169549763039928,0.9014086213773875,1892.94825636423
497,-1.0125471874590963,1.5025004753463382,1.6925815262730657,2069.047928247163
498,-0.44148701160978887,0.8609716994440045,0.14297614202668849,1520.800652851109
499,-0.6051445010300172,-0.573928327197138,-0.7415384888296932,583.9714980000002
500,1.2925859613960353,-0.8537647281327866,-0.49771916207394484,366.0828970013038
501,-0.47630775403962455,-0.3733039605237634,-0.22525427594747668,757.1677712933756
502,0.3350155445755501,0.4062785545612754,0.06246402981183923,1242.0729286516857
503,-0.3997021206939858,1.00513554396093,0.5890658735848708,1686.5824027027031
504,-0.7026425798335574,-0.7731604455171887,-0.8338053898118774,421.9045568904595
505,1.094107729545971,-0.38309571334210163,-0.06459524556588668,654.6361835106385
506,-0.9794674821507521,-1.0481263780197434,-1.0697633048935082,254.17842792452836
507,-0.9568339995713588,0.02335148190077335,1.0716032972072496,1099.1032764570555
508,0.6170635582572201,-0.8275340650827047,-0.6201924408866427,441.1326484962407
509,0.6588484491730232,-0.6773369854208176,-0.5471864567415281,418.17401599190293
510,-0.6608576889177543,-0.8668854302175062,-0.8090240410436031,375.7675153846155
511,2.869965593467598,-0.9599910197330912,-0.574246818437958,294.57164226804133
512,-1.0012304461693995,-1.0546711556815103,-1.0305530792812607,241.73864494382028
513,-0.6190727980019515,-0.6481714087607909,-0.7353086383497826,575.3917540268458
514,0.33849761881853363,-0.30880504232435907,-0.12216920783783156,794.9784212482471
515,-0.44496908585277234,-0.6592172779171888,-0.8414230552757576,507.1589232081912
516,0.5056371824817457,-0.5294292548921082,-0.24377442817669634,507.44463170103114
517,-0.14202862671320068,0.9193763357624231,-0.10247716923428518,1306.813901776791
518,0.5648324446124666,-0.5395526545345168,-0.23405697271787432,513.2453922279793
519,0.17832220364128887,-0.4288336790245735,-0.49945911550771516,688.3823571428572
520,2.0621243690954065,-0.7770296895764038,-0.6161961203039934,425.3389754661434
521,-0.2464908540027081,0.9217142697530201,-0.09056079044224997,1563.465896829811
522,1.0801794325740368,-0.5369876693881048,-0.0669123814039731,629.8666776374445
523,-1.0325691143562516,-1.0653197402976577,-0.9777064829494008,237.76396641509442
524,0.5160834052106963,-0.43936506122133834,-0.2004825941050434,622.3004071428574
525,-1.022993410188047,-0.8870349621818333,-0.9272911520953929,388.06954382022485
526,-1.014288224580588,-1.0601748182361947,-1.0507208460052972,239.63148000000004
527,2.7863958116359915,-0.9440372212347646,-0.5836731537977637,292.4610982599796
528,-0.9115670344125724,-0.7617649890260961,-0.7115952088971483,445.26890364963515
529,-0.5494313131422798,-0.5494749514748178,-0.7351899034279086,617.1378840000001
530,0.19921464909919054,-0.33649106477608987,-0.1511290160784575,748.4905879120881
531,3.068443825317662,-0.9457891419594432,-0.5851657683704344,316.47799164926937
532,-1.11352734050562,1.6928282095662275,1.9072952471782845,2255.1126327222837
533,-0.6573756146747708,0.5853846881871734,0.24734107325481486,1294.6193005299015
534,-1.0261853115774486,-1.0683972222992202,-1.0725659319420253,235.80862699619775
535,1.5815981235636725,-0.7413380324988151,-0.5513683819957291,442.7732493074793
536,-0.48327190252559155,-0.4295413953737636,-0.43973017329379605,696.9848932475885
537,0.06689582786581413,-0.5490116217000015,-0.4597649478986752,663.4706731234869
538,-1.2737027556828648,1.0986792737048579,1.285990589963927,1805.7052689889683
539,0.9722351310415457,-0.8093364751340723,-0.4519494466339216,366.0091838278932
540,0.8155417901072844,-0.8581761442861284,-0.45450233661942646,377.9042408450705
541,-0.9359415541134574,-1.0597922943230387,-1.0787581247782203,231.23859000000004
542,-0.13158240398424983,1.1448856781460548,-0.09057960511456578,1578.0434480022514
543,-0.11068995852634848,-0.33038150819323936,-0.13465400394085228,732.2329115044249
544,-1.1866508996082754,2.3518155586207943,2.8714235447761234,2738.710592291695
545,-0.2186342600588394,1.0236693797706193,0.6235075250086994,1613.0390789189191
546,0.6309918552291545,-0.9150648734085849,-0.6228705567132933,414.0814576850096
547,-0.5842520555721156,-0.5111849536795253,-0.697951329050209,607.6456205980068
548,1.6651679053952786,-0.7999058183761467,-0.6000917770445744,435.41864864864874
549,-0.9910743962940308,-1.033271323039443,-1.0781334246348524,232.76987126865674
550,0.8817012007239726,-0.8556034396487616,-0.44676583561793154,385.31175205479457
551,-0.7409453965063767,-0.775678238738449,-0.758682371655603,408.7576689530687
552,-0.15943899792811853,0.851219000508652,-0.08648089631028695,1315.3900716657445
553,-1.0578141526178828,2.8209415576409267,2.9809860908389028,2758.728347169782
554,1.661685831152295,-0.872622322507788,-0.5032013987186663,340.4632247191012
555,0.10868071878161716,-0.5076618157408956,-0.4552326444964147,654.658094890511
556,0.9269681658827589,-0.3566098339065771,-0.06692188612925981,735.0845247813413
557,-0.6330010949738858,-0.7052965796382205,-0.7198921628581251,496.4644026845638
558,-0.7688019904502454,-0.8057476192235514,-0.8214333495354592,440.758040925267
559,0.35590799003345147,-0.40143599172842925,-0.5011508611969879,636.0427517084285
560,2.4033676449077976,-0.8064631714579726,-0.5972205132659475,406.9055128205129
561,-0.030602250937725946,-0.35452764056425445,-0.16195891136809504,724.3915473837211
562,0.30367687638869795,0.6502465705654813,0.0787710036461762,1514.0487740694794
563,-0.2081880373298889,-0.4092260037462395,-0.11273383653840646,610.6375066869302
564,0.6240277067431874,-0.7397050587593289,-0.6707090960849386,462.16550769230776
565,2.278012972160389,-0.8127827098375762,-0.5895777193258009,423.6633213270143
566,0.17135805515532185,1.4986216314487626,0.2028043152562969,2199.7748916469195
567,-0.31265026461939627,1.4504706608351328,0.2049861892636289,2091.8387631768956
568,0.03207508543597844,0.10169199477730101,-0.05303579408308348,1082.4770445086708
569,1.0349124674152501,-0.4134986225459538,-0.10538077122229329,722.6360501154735
570,0.585724890070368,-0.5778600565157663,-0.49120674843781,571.3667013698631
571,-0.2081880373298889,-0.3700714191451162,-0.12957925326419129,742.7242526785716
572,1.0418766159012172,-0.44113235551323654,-0.47154254304900634,749.9867884615385
573,0.9025936461818743,-0.39899117724522637,-0.11972498627473437,683.3623461598139
574,-1.2667386071968978,0.5404661432509489,0.5354271699037403,1435.0310055301502
575,-1.2353999390100456,1.7927815073060485,2.455635207390509,2109.3375854733326
576,0.2584099112299114,-0.3629240118378668,-0.4905643553767295,676.1366189376446
577,0.9025936461818743,-0.5653085795918664,-0.4172175390476906,567.7115821276597
578,1.6860603508531802,-0.8463788977817084,-0.5945489674533934,416.5918995943205
579,-0.5111284964694602,-0.3727653909447476,-0.34111139459179285,724.2206971153847
580,1.2090161795644292,-0.5823427215980846,-0.3892156650891404,577.190548739496
581,0.8364342355651858,-0.39918538554288197,-0.22138815439513151,720.4373455414013
582,-1.3294159435706023,0.7888957074588264,0.8372328707579187,1586.755815634238
583,-1.0926348950477187,2.240745014353649,2.7414487128589045,2588.144521687657
584,0.40813910367820533,-0.496724794477468,-0.535180201525691,537.2033388412018
585,3.016212711672908,-0.8711550724197311,-0.5986916265216338,334.09192933618846
586,-0.1803314433860202,1.3855697926384531,-0.009238076708112606,1862.0821808103549
587,2.4834553524964202,-0.9095063017930503,-0.5381084220793229,360.94011366384524
588,-1.357272537514471,0.9232595826366319,1.2347804540262493,1735.3522069569926
589,-0.9742443707862769,-0.0648973333261609,1.0135215029546512,1118.3744965297901
590,-0.4937181252545424,-0.4200756162729706,-0.42472349504039786,688.9825161290324
591,-1.2110254193091603,1.9640854692588974,2.690979645353363,2491.222718069975
592,-0.37880967523608416,-0.6726400383401228,-0.8336444477189888,515.8708556313994
593,-0.3927379722080185,-0.6882008677724308,-0.7516018490736496,487.56265016949163
594,0.046003382407912775,-0.37165595165551024,-0.1489668144987993,691.1567763157896
595,1.3239246295828875,-0.3604496501043978,-0.45753430190379085,543.960389948007
596,0.8364342355651858,-0.4370648301133057,-0.47897129473659683,709.7665808435854
597,0.5543862218835157,-0.7342946739975151,-0.6043783825036269,429.9909075000001
598,0.21662502031410838,-0.5188116444756263,-0.36460186263905553,669.0350872817955
599,1.2438369219942649,-0.687317343353904,-0.5371128914384771,570.8252486187846
600,2.1700686706278978,-0.7918933959311992,-0.6146174521407581,425.1924782608696
601,0.6414380779581054,-0.7656448800194341,-0.5934781919365006,426.0620594728172
602,1.630347162965443,-0.8785652543080911,-0.4968480152107057,371.2855025706942
603,0.20617879758515756,-0.4086161291198131,-0.5146013632407902,707.0750448113209
604,0.75286445373358,-0.599016363526371,-0.5018205562504547,583.4981342465755
605,-0.5459492388992963,0.44916243172182313,-0.08419449736642141,1261.2906641458108
606,-0.20122388884392156,1.0146114308855305,-0.08030190212258081,1610.8080932703006
607,-1.0758048695399647,-1.0986072871969657,-0.9496211442991386,222.96957198443585
608,-1.1553122314214233,-0.9796451793960067,-1.0462979424515115,312.75717985074635
609,-1.1344197859635217,1.899115518692299,2.314820971935633,2128.4688826829733
610,-1.0090651132161126,1.4699192301594253,1.6015628172742942,2015.8470734855039
611,-0.9568339995713588,2.57200742329487,3.0377129783541283,2887.4575095831055
612,-0.5703237586001813,-0.5589337414359092,-0.7350626822338842,622.868202
613,-1.2005791965802097,1.8100752200191275,2.3813522851621456,2283.4168047830926
614,0.6449201522010888,-0.20207848714230836,-0.12246712461150704,896.4275091327202
615,-0.5703237586001813,0.624225861682001,-0.08497832581250532,1462.470077675676
616,0.20617879758515756,0.7800744475201455,0.0934275578535366,1554.0455767513952
617,-0.3439889328062485,-0.4039429954814393,-0.10856889626995558,726.4103828313254
618,-1.054912424082063,-1.085280843680702,-0.9137150103506464,216.7222760617761
619,0.7946493446493831,-0.8900862930571237,-0.5962782044448943,362.75682610364686
620,1.26821144169515,-0.5686960986317348,-0.3588042382194198,586.7589276807981
621,-0.5703237586001813,-0.6842200343585575,-0.6491206011769516,536.7032289473685
622,0.4290315491361067,-0.4839681047960725,-0.5225410099789182,599.4829756097562
623,-1.0647783011038499,1.5790923693945074,1.774968916196585,2148.0490286817017
624,-0.49023605101155887,-0.3334474278535635,-0.25769721882985747,712.9102471518988
625,-0.6051445010300172,1.0293145823857737,1.1176667032897227,1523.525964370156
626,0.4220674006501397,0.20409916809507614,0.032281571046823325,1220.640505989912
627,-0.3509530812922155,-0.29921863695559076,-0.1552853155153342,738.6675046439631
628,-0.40318419493696933,0.8441812387672405,0.48134016519007444,1679.6244295007566
629,2.0481960721234724,-0.8138510587827675,-0.5631451315881405,439.1742349624061
630,0.31760517336063226,0.2619978804734706,0.03818037655143573,1254.409536015085
631,0.9896455022564639,-0.8379818717011444,-0.45746748364985906,406.9583323308272
632,-1.3433442405425366,1.9247715679971042,2.6571066588912724,2440.2926683111036
633,-0.7722840646932291,0.4140067204290741,0.5266499518332559,1339.2957050970372
634,-0.5598775358712306,-0.6946060395692712,-0.6550803673402557,481.2678858552633
635,2.0725705918243578,-0.8074409651116193,-0.5763614254569703,444.5173783018869
636,0.1226090157535515,-0.24583752363892114,-0.13871029693391929,806.8225693213298
637,-0.5598775358712306,0.7438100798852432,1.085254219149583,1165.1607873557648
638,1.1289284719758066,-0.6035387615190939,-0.4406802497872954,579.5435250000002
639,0.7772389734344649,-0.39191721012913183,-0.05236382584628521,726.0669418141596
640,-0.5668416843571976,-0.5404930331370165,-0.5524166106828545,618.0836042345278
641,-0.2743474479465768,1.2171080587557646,0.19305492324791207,1973.832498601824
642,-0.5355030161703455,-0.5363093158235914,-0.6732073343149934,586.9177301324505
643,-0.5111284964694602,-0.4604872116648171,-0.4697615450205859,680.4225786407769
644,-0.13158240398424983,1.4686484031089921,0.04907461650049577,1752.9918481838824
645,-1.1762046768793244,1.8569085559862093,2.5524791556398356,2211.6107644079757
646,0.05296753089387979,-0.2012617520339952,-0.15197154455786716,820.7073837635872
647,0.31064102487466494,0.15300931623024336,-0.03252909564598944,1068.5367441401277
648,3.378348432943201,-0.923681991956859,-0.6063675175454311,343.04321489361706
649,2.8072882570938935,-0.8340201918995626,-0.5802852229585004,367.10205131004375
650,-1.11352734050562,2.1868864906878414,2.719854042693066,2549.367756493812
651,0.20966087182814105,0.7621752416858626,0.08532366592505303,1533.0921660891092
652,-0.6190727980019515,-0.5546921272674735,-0.6672269380576643,489.7332980198021
653,-0.2569370767316589,0.9675224780029491,0.7062374390324525,1795.0256682878417
654,0.9269681658827589,-0.42154460255008497,-0.22770473048994025,723.6870696000002
655,1.0627690613591187,-0.5877772183209183,-0.42290311700712774,584.1089615713067
656,0.0877882733237158,-0.33588505635765786,-0.15203525603287107,730.131816857143
657,-0.4972001994975259,-0.3962312804772313,-0.40559500975759055,710.6364839228297
658,0.19921464909919054,-0.41655482602355626,-0.49450957364572395,666.402787589499
659,-0.8488896980388678,-0.7298373951083393,-0.739342904287875,463.71086934306584
660,1.1045539522749215,-0.41584330904119654,-0.08398012309196931,719.1461201687116
661,-0.48327190252559155,0.9634081927197483,0.2897996109146639,1610.1107506466635
662,-0.46237945706769024,0.7058179329014382,-0.017409352425244103,1592.7988762419009
663,2.713272252533337,-0.8317367768426257,-0.5974554715085062,409.77132631578957
664,-1.1048221548981612,-1.1292335780475005,-1.117575251080685,210.38695243902444
665,-0.5146105707124441,0.873196566384715,0.40975765679483084,1623.6475693991856
666,0.028593011192994927,-0.28316531890074653,-0.15018932857412717,738.4805446927376
667,0.028593011192994927,-0.3454856206221348,-0.15605988875760554,676.5359536443151
668,-0.9185311828985395,-0.8513690254382233,-0.8429175524239405,403.32137543252605
669,0.6170635582572201,-0.6096952078086143,-0.2884957103782817,589.3274736180906
670,-0.6330010949738858,-0.738563264056382,-0.8809366249080208,499.5615786206897
671,-0.5285388676843784,1.2412820956614399,1.1212004305203669,1606.4499497021473
672,-0.37880967523608416,-0.669706439348786,-0.8273393045505377,494.1823408163267
673,-0.37532760099310064,-0.3835518303859253,-0.10754343749173863,715.1555756756759
674,-0.4554153085817232,-0.6501986657863046,-0.8419209846207754,529.8581712328769
675,0.046003382407912775,-0.1864835528581109,-0.1502986839753127,790.2954604477613
676,0.8503625325371205,-0.7645751371647388,-0.6194716295850508,411.13808453038683
677,-1.038952917135055,-1.0682518919755999,-0.9057211742245668,224.06253750000008
678,1.6338292372084264,-0.730036540344538,-0.5464772787493354,446.1759687212512
679,-1.256292384467947,0.633206029715041,0.646951774324064,1547.382393318194
680,1.8427536917874412,-0.8929288261417255,-0.6100849095635748,384.31162269938665
681,2.7063081040473698,-0.9078125575454064,-0.5949752452788897,315.2611046511629
682,-1.097567833558612,-1.1152560373089306,-1.0797515561092976,209.11337125506077
683,-0.5877341298150991,-0.5373072413079858,-0.5610682321721593,602.2179029315963
684,1.2403548477512814,-0.8573603009760509,-0.485059107835316,365.9393474692203
685,-0.4588973828247067,0.7342265173129591,0.029692682559250873,1599.4083557465094
686,-1.022993410188047,-1.05812831698192,-1.0635464440566753,251.94808104089228
687,-0.5459492388992963,0.4823844162301676,-0.10023951825963133,1190.7174607864558
688,2.0238215524225875,-0.7661424658648708,-0.5521434608039358,465.12321428571437
689,0.8468804582941369,-0.7888958055223989,-0.6962736006061004,469.59106451612917
690,0.10868071878161716,0.05423135562459332,-0.06734825737447626,1092.221008779858
691,1.163749214405643,-0.5549207510481635,-0.32313591659663055,629.7523519736843
692,0.9861634280134797,-0.3778298155666539,-0.4582594365336508,632.9871101474415
693,2.037749849394522,-0.9228226511922897,-0.5444649575080587,377.31785006045953
694,0.669294671901974,-0.7125114750658565,-0.5654107819656542,350.6551043478262
695,0.1295731642395188,1.799380729062551,0.16646372759231498,2220.31734375
696,-0.2534550024886754,1.1240746087601008,-0.030810516284649953,1812.6154774719107
697,-0.020156028208775423,-0.4046218696235994,-0.16081332244438298,738.901479130435
698,2.9535353752992037,-0.8497041990150649,-0.5843040089262919,365.72895341278445
699,-0.4658615313106737,-0.6912481788543678,-0.7199696835958792,491.37124864864876
700,0.20269672334217403,0.01700366019548609,-0.08629227690412478,1042.8432138762219
701,-0.13854655247021716,-0.4748005563037014,-0.1106386295837884,641.1970914893618
702,2.1735507448708815,-0.7673946144561837,-0.5497151908635359,457.27317936802984
703,-1.1338394402563576,-1.1239808367290791,-1.1736371060867248,205.0919773109244
704,1.7173990190400326,-0.8712319352753994,-0.6042271746157528,390.5704719101125
705,0.35590799003345147,0.18011313458891115,0.01749799408707775,1208.19186147541
706,-0.7513916192353276,0.8203920866244215,0.38362847190235067,1527.8322346207988
707,-1.0055830389731288,-1.062597090821938,-1.0353272670836204,245.6408022471911
708,-0.8105868813660484,0.18268815116687911,0.8494888110883385,1218.5446378698446
709,0.5160834052106963,-0.2472507760476344,-0.13877350743131805,814.11381686747
710,-0.31265026461939627,1.2626909568132076,0.9050572854990753,1892.7964292206266
711,-1.0357610157456534,-1.0623146397900727,-0.9325633319355123,230.09733169811327
712,-0.9925252605619406,-1.0460196899311918,-1.0419610636179852,244.17749325842703
713,0.14350146121145316,1.6996350322254083,0.2039229105293027,2130.4922263250887
714,0.06689582786581413,0.8376568094390104,0.12112131406128465,1729.2283185573372
715,0.8573266810230874,-0.47830125938097834,-0.038517530887369075,718.2770320000001
716,1.1811595856205606,-0.8673088518641472,-0.46908884819076385,373.53792120343843
717,0.8956294976959066,-0.35778884809147643,-0.16429007026895862,720.0594242664554
718,-1.280666904168832,1.9205230493449144,2.2838392938574374,2285.5621596956266
719,-0.7931765101511306,-0.7691329503644181,-0.7249380303335016,428.73574891304355
720,0.867772903752038,-0.36557753924149994,-0.05674961571004167,724.506014779412
721,3.31915317081248,-0.9186788909009478,-0.5996092231471832,323.998024390244
722,-1.2075433450661768,0.5996928172438111,0.5930319180141489,1494.5438070279931
723,-1.0830591908795137,-1.0967737453198492,-0.9958943971556117,217.50186968503945
724,0.5822428158273845,-0.7453686634087059,-0.6419659734435083,445.1331472081219
725,2.3337261600481263,-0.8243846045230758,-0.6057155097340569,384.54970009643205
726,-0.4867539767685754,-0.44337599559799923,-0.4547458591571912,674.1945987096775
727,0.23751746577200974,0.3576621557950382,0.061357252797371795,1289.5820190000002
728,-1.1553122314214233,1.6599704540105429,1.9956630311604198,2260.4287266534598
729,0.6379560037151218,-0.588771005707658,-0.4748454172155007,585.996320361991
730,-0.919924012595733,2.6268930474446908,3.0510641564857353,2952.152790764082
731,-0.8419255495529007,-0.8051085260466806,-0.893105858722984,459.20053806228384
732,0.17135805515532185,-0.4402595466926528,-0.511953921169807,674.8794893617022
733,0.3001948021457144,-0.21811121215445192,-0.1502311198685881,800.4669950675677
734,0.676258820387941,-0.718529956995584,-0.7111834117963135,475.32171278458856
735,1.1602671401626587,-0.8728289870548381,-0.49868595418050266,361.9549268617022
736,1.2124982538074127,-0.8665898235889254,-0.47640970869349386,363.30871846153855
737,-0.5424671646563127,-0.5029351631247575,-0.6793956524583711,608.2513624584719
738,-1.0334396329169977,-0.8829620318773003,-0.9342443185486264,366.80278651685404
739,0.17135805515532185,-0.4284640322110281,-0.5043849185598165,676.8481852731593
740,-0.30916819037641247,0.7973653919376372,-0.09642687195081756,1687.7123495755523
741,-0.47282567979664103,0.9378609973285428,0.4636680380406451,1631.0552962044537
742,0.958306834069611,-0.5444265990128352,-0.41523608483980723,597.5335449152543
743,-0.4136304176659202,-0.6368392978204739,-0.834580207325142,507.0286010204083
744,-0.7931765101511306,-0.8111845575225732,-0.811834282082532,435.16927928571437
745,-1.0926348950477187,-1.0447457571093663,-1.0462979424515115,268.5357638059702
746,-0.6016624267870335,0.7937185131772804,1.1057655262961437,1082.756482334942
747,1.804450875114622,-0.8651322658850071,-0.5143026018559289,331.2136666666667
748,-0.664339763160738,-0.5628547828283219,-0.7415384888296932,590.5415889632109
749,-0.639965243459853,-0.6173416545521554,-0.7384282336425716,581.2479362416109
750,2.3650648282349787,-0.8516725071187448,-0.5250942657422158,342.9402359413204
751,0.951342685583644,-0.8333395655335079,-0.4505437462502491,410.04135000000014
752,1.094107729545971,-0.31992582334189523,-0.45789618414167094,552.9887781629117
